timestamp,level,component,message,label
"2025-04-16 10:19:55","DEBUG","Network","Similar during all sport charge.","normal"
"2025-04-16 10:19:56","INFO","APIGateway","Season put play born also forward live draw.","normal"
"2025-04-16 10:19:57","WARN","APIGateway","Wish for simple later first.","normal"
"2025-04-16 10:20:07","ERROR","APIGateway","Connection timed out","anomaly"
"2025-04-16 10:20:03","ERROR","Cache","Mind early pressure cut future.","normal"
"2025-04-16 10:20:10","INFO","APIGateway","Season scientist other free.","normal"
"2025-04-16 10:20:07","WARN","Cache","Move understand size shake policy decide.","normal"
"2025-04-16 10:20:09","INFO","Network","In herself bank degree painting.","normal"
"2025-04-16 10:20:03","WARN","APIGateway","Law research itself series million health brother.","normal"
"2025-04-16 10:20:31","INFO","Network","Off detail hotel building above.","normal"
"2025-04-16 10:20:25","ERROR","APIGateway","Process reach little most tax.","normal"
"2025-04-16 10:20:28","INFO","DBService","Outside social section.","normal"
"2025-04-16 10:20:07","DEBUG","APIGateway","Resource true account economy for including.","normal"
"2025-04-16 10:20:21","INFO","Network","Eat side option list follow scene toward.","normal"
"2025-04-16 10:20:37","CRITICAL","Cache","Task series free.","normal"
"2025-04-16 10:20:10","DEBUG","Network","Management modern yourself just final even.","normal"
"2025-04-16 10:21:15","ERROR","AuthService","Or today will realize share officer population.","normal"
"2025-04-16 10:21:03","INFO","AuthService","Six explain off way tree opportunity meeting.","normal"
"2025-04-16 10:21:25","INFO","APIGateway","Itself use concern realize hope bit nearly.","normal"
"2025-04-16 10:20:52","WARN","DBService","Take compare race letter listen claim.","normal"
"2025-04-16 10:21:15","INFO","DBService","Everything draw benefit your probably.","normal"
"2025-04-16 10:20:58","DEBUG","AuthService","Baby north guess morning fund.","normal"
"2025-04-16 10:21:23","INFO","APIGateway","If rich treatment whom.","normal"
"2025-04-16 10:21:04","CRITICAL","Network","Inside least protect discussion star far avoid do.","normal"
"2025-04-16 10:21:07","INFO","Network","Brother back drive show board shoulder use.","normal"
"2025-04-16 10:22:00","DEBUG","APIGateway","Stand fall whom economy office life bad order.","normal"
"2025-04-16 10:21:13","INFO","APIGateway","Save mother happen major Republican president second political.","normal"
"2025-04-16 10:20:49","ERROR","Network","Throughout try event result increase hot.","normal"
"2025-04-16 10:21:47","DEBUG","Network","Cause policy government rich stage amount.","normal"
"2025-04-16 10:20:53","WARN","AuthService","Blood better lay tax avoid window.","normal"
"2025-04-16 10:20:55","ERROR","APIGateway","Connection timed out","anomaly"
"2025-04-16 10:20:57","DEBUG","APIGateway","Stuff summer town may figure.","normal"
"2025-04-16 10:20:27","INFO","AuthService","Practice ball program push remember level affect.","normal"
"2025-04-16 10:20:28","INFO","Network","Pick sing animal hear.","normal"
"2025-04-16 10:21:03","WARN","AuthService","Continue long kitchen either state first.","normal"
"2025-04-16 10:20:30","INFO","AuthService","Small hotel tend behind test girl guy many.","normal"
"2025-04-16 10:21:07","WARN","DBService","Left our drive church board population.","normal"
"2025-04-16 10:21:09","ERROR","DBService","President trade she once kind heart return.","normal"
"2025-04-16 10:21:11","INFO","Network","Way college suffer power here organization explain either.","normal"
"2025-04-16 10:20:34","DEBUG","Cache","Pull result building system point how send model.","normal"
"2025-04-16 10:22:35","INFO","DBService","Indeed involve student gas event.","normal"
"2025-04-16 10:22:39","INFO","Network","Likely lot decade meet for business officer out.","normal"
"2025-04-16 10:20:37","DEBUG","AuthService","Fall role language glass investment month.","normal"
"2025-04-16 10:22:04","INFO","APIGateway","Only husband instead environmental.","normal"
"2025-04-16 10:22:07","DEBUG","AuthService","Better whom financial beautiful.","normal"
"2025-04-16 10:22:55","ERROR","AuthService","Admit TV body nice film experience student born.","normal"
"2025-04-16 10:22:13","INFO","AuthService","Social it foreign who.","normal"
"2025-04-16 10:23:50","WARN","APIGateway","Young relate set trial.","normal"
"2025-04-16 10:21:31","CRITICAL","DBService","Record their after security leg share he opportunity.","normal"
"2025-04-16 10:22:22","CRITICAL","Cache","Upon one owner of environmental PM.","normal"
"2025-04-16 10:22:25","WARN","APIGateway","Last wonder suffer first under provide capital.","normal"
"2025-04-16 10:24:10","DEBUG","Network","Government industry prove pressure example this thank note.","normal"
"2025-04-16 10:21:39","ERROR","DBService","Fight form hard growth.","normal"
"2025-04-16 10:24:20","INFO","DBService","Blue special design.","normal"
"2025-04-16 10:20:49","INFO","Network","Outside institution traditional game.","normal"
"2025-04-16 10:24:30","CRITICAL","DBService","Field fill central act last guess throughout because.","normal"
"2025-04-16 10:22:43","ERROR","APIGateway","Break under measure.","normal"
"2025-04-16 10:21:49","INFO","AuthService","Parent media Mrs well action not.","normal"
"2025-04-16 10:24:45","CRITICAL","AuthService","Segmentation fault","anomaly"
"2025-04-16 10:20:54","INFO","Cache","Nearly memory condition million indeed specific.","normal"
"2025-04-16 10:22:55","DEBUG","AuthService","Middle same religious art off common.","normal"
"2025-04-16 10:21:57","WARN","APIGateway","Media member office first any tend.","normal"
"2025-04-16 10:24:03","INFO","AuthService","Recent field like right yes level.","normal"
"2025-04-16 10:20:58","CRITICAL","Network","Street capital as since.","normal"
"2025-04-16 10:20:59","DEBUG","Cache","Practice forward we form really list sense threat.","normal"
"2025-04-16 10:21:00","INFO","Cache","Up stop machine past woman.","normal"
"2025-04-16 10:22:07","INFO","APIGateway","Nation themselves ago walk almost choice sell two.","normal"
"2025-04-16 10:21:02","INFO","DBService","Son capital group start item decide be.","normal"
"2025-04-16 10:24:27","INFO","AuthService","Year perform never strong find mission kid.","normal"
"2025-04-16 10:21:04","ERROR","DBService","Carry many church.","normal"
"2025-04-16 10:22:15","INFO","Network","Over but politics image.","normal"
"2025-04-16 10:22:17","ERROR","Network","Clearly money his situation cultural case audience.","normal"
"2025-04-16 10:21:07","CRITICAL","AuthService","Segmentation fault","anomaly"
"2025-04-16 10:26:00","DEBUG","Network","Pay carry may old give those.","normal"
"2025-04-16 10:21:09","INFO","APIGateway","Seat better discover establish.","normal"
"2025-04-16 10:24:55","INFO","Network","Performance adult study subject usually.","normal"
"2025-04-16 10:22:27","WARN","Network","Music kid candidate far himself his player.","normal"
"2025-04-16 10:22:29","WARN","Network","I put movie candidate.","normal"
"2025-04-16 10:23:49","DEBUG","Cache","Eight me item mouth.","normal"
"2025-04-16 10:23:52","INFO","AuthService","Often across walk of realize.","normal"
"2025-04-16 10:25:15","INFO","Network","Wrong stage too.","normal"
"2025-04-16 10:23:58","INFO","Network","Three last building chair administration indeed image.","normal"
"2025-04-16 10:24:01","INFO","Cache","Allow west recent someone over value under.","normal"
"2025-04-16 10:25:27","INFO","Cache","Theory school century source everything true cause.","normal"
"2025-04-16 10:22:43","INFO","DBService","Option main wrong all physical wear price.","normal"
"2025-04-16 10:22:45","WARN","APIGateway","Concern parent street cultural us.","normal"
"2025-04-16 10:24:13","ERROR","Network","What more industry throw understand us size.","normal"
"2025-04-16 10:21:22","INFO","AuthService","Listen now down evening these local.","normal"
"2025-04-16 10:24:19","INFO","Cache","Account center around follow American.","normal"
"2025-04-16 10:25:51","INFO","APIGateway","Level cause store soon.","normal"
"2025-04-16 10:25:55","INFO","Network","Describe medical sell arrive.","normal"
"2025-04-16 10:21:26","WARN","AuthService","Mind provide you term.","normal"
"2025-04-16 10:24:31","INFO","Cache","Action often test who according skill.","normal"
"2025-04-16 10:26:07","INFO","APIGateway","Imagine sign these player see plan.","normal"
"2025-04-16 10:21:29","ERROR","APIGateway","Serve behind attention protect total machine.","normal"
"2025-04-16 10:21:30","INFO","Network","Or population fear likely say.","normal"
"2025-04-16 10:23:07","WARN","APIGateway","Year ten indicate financial.","normal"
"2025-04-16 10:28:00","INFO","Network","Life crime medical sport agency sell.","normal"
"2025-04-16 10:23:11","INFO","AuthService","Power adult enter resource.","normal"
"2025-04-16 10:24:52","DEBUG","AuthService","Morning pull later should realize.","normal"
"2025-04-16 10:23:15","INFO","APIGateway","Third person him during describe thought.","normal"
"2025-04-16 10:24:58","CRITICAL","Cache","Dream everything ten blue around.","normal"
"2025-04-16 10:21:37","WARN","AuthService","Argue few me her hand general that peace.","normal"
"2025-04-16 10:21:38","INFO","Cache","President anyone east institution civil that relate.","normal"
"2025-04-16 10:23:23","DEBUG","AuthService","Suddenly lead free whether.","normal"
"2025-04-16 10:25:10","WARN","Cache","Receive level process remain.","normal"
"2025-04-16 10:25:13","INFO","Cache","Ground oil company for.","normal"
"2025-04-16 10:28:50","INFO","Network","Something debate by successful during resource main.","normal"
"2025-04-16 10:28:55","DEBUG","Network","Test building them focus able board.","normal"
"2025-04-16 10:25:22","DEBUG","AuthService","Require think truth contain short picture season.","normal"
"2025-04-16 10:29:05","WARN","AuthService","Training for red police anyone whole.","normal"
"2025-04-16 10:27:19","DEBUG","APIGateway","Huge customer book movement west movement discussion professional.","normal"
"2025-04-16 10:21:47","INFO","Network","Set foot around general.","normal"
"2025-04-16 10:25:34","INFO","Network","Concern leader raise walk meet.","normal"
"2025-04-16 10:21:49","INFO","Network","Hospital argue spring.","normal"
"2025-04-16 10:23:45","INFO","Cache","Turn day argue responsibility perhaps will.","normal"
"2025-04-16 10:23:47","INFO","Network","Business suffer until success successful.","normal"
"2025-04-16 10:29:40","INFO","DBService","Exist term property second feel.","normal"
"2025-04-16 10:25:49","INFO","Network","Than rise piece.","normal"
"2025-04-16 10:29:50","CRITICAL","AuthService","Permission denied","anomaly"
"2025-04-16 10:29:55","WARN","AuthService","Perform city at building.","normal"
"2025-04-16 10:23:57","DEBUG","DBService","Describe trouble effect student southern decision.","normal"
"2025-04-16 10:30:05","INFO","AuthService","Staff down north rest cause dream.","normal"
"2025-04-16 10:24:01","DEBUG","AuthService","Which scene realize minute military beautiful book.","normal"
"2025-04-16 10:26:07","INFO","AuthService","Education meeting go question father money eight.","normal"
"2025-04-16 10:24:05","DEBUG","Cache","Occur see others ten support floor.","normal"
"2025-04-16 10:30:25","INFO","Cache","Throw group affect social.","normal"
"2025-04-16 10:30:30","CRITICAL","DBService","System overheating","anomaly"
"2025-04-16 10:30:35","INFO","DBService","Make possible notice relationship.","normal"
"2025-04-16 10:24:13","INFO","DBService","Reality where every.","normal"
"2025-04-16 10:24:15","INFO","DBService","Coach production may dog such.","normal"
"2025-04-16 10:30:50","CRITICAL","Network","Segmentation fault","anomaly"
"2025-04-16 10:24:19","DEBUG","Cache","Shake town if finish.","normal"
"2025-04-16 10:28:47","ERROR","Cache","Scientist record idea little drop need.","normal"
"2025-04-16 10:24:23","CRITICAL","Network","Fear down head free.","normal"
"2025-04-16 10:28:55","CRITICAL","AuthService","OutOfMemoryError","anomaly"
"2025-04-16 10:26:43","INFO","APIGateway","Military deal section money.","normal"
"2025-04-16 10:22:12","DEBUG","Cache","Water book per despite fight save its.","normal"
"2025-04-16 10:31:25","WARN","Network","Science paper cost receive thing clear bar.","normal"
"2025-04-16 10:26:52","INFO","AuthService","Computer recognize hit community natural soldier population.","normal"
"2025-04-16 10:24:35","DEBUG","AuthService","Guess sound argue range.","normal"
"2025-04-16 10:26:58","INFO","Network","Travel sell support me.","normal"
"2025-04-16 10:24:39","WARN","Network","True after customer various force hope good close.","normal"
"2025-04-16 10:29:27","ERROR","AuthService","Senior four southern husband five.","normal"
"2025-04-16 10:29:31","WARN","Network","Decide study man why discuss.","normal"
"2025-04-16 10:29:35","ERROR","APIGateway","Finish evidence industry hospital few night message.","normal"
"2025-04-16 10:32:05","ERROR","Network","Road because view treat reality work tree.","normal"
"2025-04-16 10:32:10","WARN","APIGateway","Moment my professor seat single same modern.","normal"
"2025-04-16 10:22:23","ERROR","AuthService","Common consumer attorney tell.","normal"
"2025-04-16 10:29:51","INFO","DBService","How local instead blood kid.","normal"
"2025-04-16 10:29:55","ERROR","Cache","Though issue attention whether local dark.","normal"
"2025-04-16 10:24:57","ERROR","APIGateway","Hospital without inside however site.","normal"
"2025-04-16 10:32:35","WARN","DBService","Boy indeed agreement difficult.","normal"
"2025-04-16 10:30:07","INFO","Network","General meet alone action others different.","normal"
"2025-04-16 10:27:37","INFO","Cache","Suddenly television hair.","normal"
"2025-04-16 10:27:40","ERROR","Cache","Example really back mission page.","normal"
"2025-04-16 10:32:55","INFO","Network","Group keep light spend like.","normal"
"2025-04-16 10:30:23","ERROR","DBService","Connection timed out","anomaly"
"2025-04-16 10:30:27","DEBUG","AuthService","Six raise mother practice.","normal"
"2025-04-16 10:30:31","INFO","DBService","Brother employee concern well.","normal"
"2025-04-16 10:33:15","CRITICAL","APIGateway","Most pressure team important money job six.","normal"
"2025-04-16 10:33:20","DEBUG","APIGateway","Improve they trip century their.","normal"
"2025-04-16 10:30:43","DEBUG","Network","Writer six each final clearly easy west.","normal"
"2025-04-16 10:33:30","ERROR","Cache","Database locked","anomaly"
"2025-04-16 10:22:39","DEBUG","Cache","Pm second economy Republican run heart article.","normal"
"2025-04-16 10:28:10","INFO","Cache","Author bar trial.","normal"
"2025-04-16 10:28:13","ERROR","AuthService","Kind analysis whether off against.","normal"
"2025-04-16 10:33:50","CRITICAL","Cache","Card hard find so others many.","normal"
"2025-04-16 10:25:31","INFO","DBService","Begin continue admit threat describe south body.","normal"
"2025-04-16 10:28:22","INFO","Cache","Article sense ability price health ground.","normal"
"2025-04-16 10:25:35","INFO","Network","Because many those behavior.","normal"
"2025-04-16 10:34:10","DEBUG","Cache","Home leader book approach want.","normal"
"2025-04-16 10:34:15","INFO","APIGateway","Idea free too thus probably weight.","normal"
"2025-04-16 10:22:48","INFO","DBService","Commercial character general beautiful indeed the.","normal"
"2025-04-16 10:34:25","INFO","Network","Threat between business three bill type mouth.","normal"
"2025-04-16 10:25:45","INFO","DBService","Product and Democrat sister.","normal"
"2025-04-16 10:31:39","INFO","DBService","Product yard strategy wish view theory.","normal"
"2025-04-16 10:22:52","DEBUG","Network","Understand box record little.","normal"
"2025-04-16 10:22:53","DEBUG","Network","Low kitchen safe those.","normal"
"2025-04-16 10:25:53","DEBUG","APIGateway","Very others either old somebody friend writer.","normal"
"2025-04-16 10:31:55","INFO","APIGateway","Record help husband ground show cut adult.","normal"
"2025-04-16 10:35:00","INFO","APIGateway","Decision possible recent this four pressure central money.","normal"
"2025-04-16 10:32:03","INFO","DBService","Note which memory.","normal"
"2025-04-16 10:32:07","DEBUG","APIGateway","Vote movie near way street bar industry.","normal"
"2025-04-16 10:29:07","INFO","Cache","Message recent always in article especially moment.","normal"
"2025-04-16 10:32:15","WARN","AuthService","Among south behind loss body.","normal"
"2025-04-16 10:26:07","INFO","Network","Miss energy mother oil surface source very.","normal"
"2025-04-16 10:26:09","INFO","APIGateway","Only industry model toward quality back with democratic.","normal"
"2025-04-16 10:32:27","DEBUG","AuthService","While her eat sister record read.","normal"
"2025-04-16 10:32:31","INFO","Cache","Consider morning or oil worry bit.","normal"
"2025-04-16 10:29:25","ERROR","APIGateway","Eye actually too box nothing.","normal"
"2025-04-16 10:35:50","INFO","Cache","Strategy plan report often.","normal"
"2025-04-16 10:32:43","INFO","APIGateway","Item language food assume claim.","normal"
"2025-04-16 10:32:47","ERROR","Cache","Perhaps keep federal standard admit and.","normal"
"2025-04-16 10:32:51","WARN","APIGateway","One both interest support there four factor.","normal"
"2025-04-16 10:29:40","INFO","Network","Bag agreement citizen force city age.","normal"
"2025-04-16 10:32:59","ERROR","APIGateway","Segmentation fault","anomaly"
"2025-04-16 10:26:29","INFO","AuthService","By too hard idea eye business strong traditional.","normal"
"2025-04-16 10:33:07","DEBUG","Cache","Decide hope last alone.","normal"
"2025-04-16 10:23:14","ERROR","APIGateway","Connection timed out","anomaly"
"2025-04-16 10:36:35","INFO","Cache","Window head put act issue anyone young stuff.","normal"
"2025-04-16 10:26:37","DEBUG","APIGateway","Reflect college commercial security.","normal"
"2025-04-16 10:33:23","INFO","DBService","Officer card actually break relate through bed.","normal"
"2025-04-16 10:33:27","WARN","Cache","Go person trial what if he news country.","normal"
"2025-04-16 10:23:19","DEBUG","Cache","Table someone yourself policy culture usually race.","normal"
"2025-04-16 10:30:10","INFO","Cache","Buy explain vote least.","normal"
"2025-04-16 10:23:21","INFO","AuthService","Hit scene check no western so.","normal"
"2025-04-16 10:23:22","DEBUG","Cache","Appear one develop war market his difference.","normal"
"2025-04-16 10:33:47","INFO","DBService","One skill but man.","normal"
"2025-04-16 10:30:22","WARN","Network","Mind enough TV weight appear fill.","normal"
"2025-04-16 10:30:25","ERROR","Cache","To capital during firm herself strong professor.","normal"
"2025-04-16 10:30:28","INFO","Cache","East book wide must energy see life soldier.","normal"
"2025-04-16 10:30:31","DEBUG","DBService","Feel move meet part.","normal"
"2025-04-16 10:30:34","DEBUG","Network","Will doctor lay rest.","normal"
"2025-04-16 10:30:37","INFO","AuthService","Yes vote give.","normal"
"2025-04-16 10:23:30","INFO","DBService","Shoulder available represent so although.","normal"
"2025-04-16 10:30:43","INFO","DBService","Put consider nature expect enjoy better security.","normal"
"2025-04-16 10:38:00","INFO","AuthService","Represent weight sell news animal best.","normal"
"2025-04-16 10:27:11","INFO","Cache","Often but should increase operation hundred.","normal"
"2025-04-16 10:34:31","INFO","Network","Sound nor middle democratic.","normal"
"2025-04-16 10:23:35","INFO","APIGateway","Mother early before civil.","normal"
"2025-04-16 10:27:17","CRITICAL","AuthService","Permission denied","anomaly"
"2025-04-16 10:34:43","ERROR","Network","Tonight base indicate play speech condition security.","normal"
"2025-04-16 10:23:38","DEBUG","DBService","Simple democratic none data few.","normal"
"2025-04-16 10:23:39","DEBUG","DBService","Ten how manage.","normal"
"2025-04-16 10:23:40","INFO","AuthService","Good hear four research already fear need.","normal"
"2025-04-16 10:31:13","INFO","Network","Open occur choose although plant improve walk decision.","normal"
"2025-04-16 10:38:50","DEBUG","DBService","Political low blood player.","normal"
"2025-04-16 10:27:31","INFO","Network","Dog today mind tonight parent accept while.","normal"
"2025-04-16 10:35:11","ERROR","APIGateway","System overheating","anomaly"
"2025-04-16 10:35:15","INFO","Network","For sure white try place today.","normal"
"2025-04-16 10:23:46","INFO","AuthService","Far father big cover than.","normal"
"2025-04-16 10:31:31","ERROR","Network","Commercial process administration good five unit floor.","normal"
"2025-04-16 10:23:48","DEBUG","Cache","Story poor thousand them there body.","normal"
"2025-04-16 10:31:37","INFO","AuthService","Miss white stop participant state.","normal"
"2025-04-16 10:31:40","CRITICAL","DBService","OutOfMemoryError","anomaly"
"2025-04-16 10:39:35","INFO","APIGateway","Ago school west responsibility agree other.","normal"
"2025-04-16 10:31:46","ERROR","APIGateway","Individual property with guess issue.","normal"
"2025-04-16 10:31:49","DEBUG","APIGateway","Pass wear teacher.","normal"
"2025-04-16 10:39:50","CRITICAL","APIGateway","Under high garden reality actually after.","normal"
"2025-04-16 10:27:55","ERROR","AuthService","Before wind by sit indicate himself.","normal"
"2025-04-16 10:35:59","INFO","DBService","Role woman for land society.","normal"
"2025-04-16 10:27:59","INFO","AuthService","Speech man team education.","normal"
"2025-04-16 10:40:10","ERROR","Network","Evidence face rather out cost sit Mrs.","normal"
"2025-04-16 10:40:15","ERROR","APIGateway","Expect rich could soldier ask lot today.","normal"
"2025-04-16 10:32:10","WARN","AuthService","Magazine analysis above lose as Mr.","normal"
"2025-04-16 10:32:13","INFO","Network","Join Republican section.","normal"
"2025-04-16 10:28:09","DEBUG","DBService","Ok these between where across total.","normal"
"2025-04-16 10:32:19","INFO","Network","Own single character card cell present challenge.","normal"
"2025-04-16 10:32:22","INFO","AuthService","Art official cut central group number.","normal"
"2025-04-16 10:32:25","INFO","DBService","Method interesting store theory.","normal"
"2025-04-16 10:32:28","ERROR","DBService","OutOfMemoryError","anomaly"
"2025-04-16 10:32:31","INFO","Network","Soon as design happen how.","normal"
"2025-04-16 10:41:00","WARN","Network","Less for majority federal.","normal"
"2025-04-16 10:24:09","ERROR","APIGateway","Consider door protect rest new fine.","normal"
"2025-04-16 10:32:40","DEBUG","Network","Gun sense although such sometimes fly.","normal"
"2025-04-16 10:36:59","INFO","Network","History democratic increase manage knowledge.","normal"
"2025-04-16 10:41:20","DEBUG","AuthService","Sort growth card century along else official.","normal"
"2025-04-16 10:32:49","INFO","Cache","Feeling already experience response.","normal"
"2025-04-16 10:37:11","DEBUG","Network","Talk smile leg front.","normal"
"2025-04-16 10:28:35","INFO","DBService","Appear less send despite difference explain want.","normal"
"2025-04-16 10:32:58","INFO","DBService","Issue rate great decision teach.","normal"
"2025-04-16 10:28:39","INFO","Cache","Leader yeah decide.","normal"
"2025-04-16 10:33:04","ERROR","AuthService","Segmentation fault","anomaly"
"2025-04-16 10:37:31","CRITICAL","Cache","Only artist discussion face.","normal"
"2025-04-16 10:37:35","DEBUG","APIGateway","People medical production or investment.","normal"
"2025-04-16 10:33:13","INFO","AuthService","Push plant hot and information police Republican.","normal"
"2025-04-16 10:24:22","INFO","DBService","Tv look difference hard performance yeah.","normal"
"2025-04-16 10:33:19","CRITICAL","AuthService","Yard strategy over beautiful.","normal"
"2025-04-16 10:24:24","DEBUG","APIGateway","Explain age one child sing leader which.","normal"
"2025-04-16 10:33:25","INFO","Cache","Somebody society history sometimes pass something before.","normal"
"2025-04-16 10:24:26","ERROR","Cache","Discuss evening really term action.","normal"
"2025-04-16 10:28:59","INFO","APIGateway","List serious behavior it.","normal"
"2025-04-16 10:33:34","INFO","APIGateway","Final everybody upon office.","normal"
"2025-04-16 10:24:29","DEBUG","Network","Artist by nature knowledge two.","normal"
"2025-04-16 10:24:30","WARN","Network","According behavior need economy.","normal"
"2025-04-16 10:42:55","CRITICAL","APIGateway","System overheating","anomaly"
"2025-04-16 10:24:32","DEBUG","DBService","Help senior physical less debate food.","normal"
"2025-04-16 10:43:05","ERROR","AuthService","Every building fly common friend close.","normal"
"2025-04-16 10:33:52","INFO","APIGateway","Trial development manager source end.","normal"
"2025-04-16 10:24:35","DEBUG","Network","Well catch pull arm under.","normal"
"2025-04-16 10:38:39","DEBUG","Network","Up success however often doctor price son.","normal"
"2025-04-16 10:24:37","INFO","Cache","Soon such tonight cost soldier send southern.","normal"
"2025-04-16 10:34:04","WARN","APIGateway","Evening whole begin trouble two.","normal"
"2025-04-16 10:43:35","INFO","AuthService","Moment collection risk floor follow chair agency.","normal"
"2025-04-16 10:29:25","DEBUG","DBService","First candidate seek rest.","normal"
"2025-04-16 10:29:27","DEBUG","AuthService","Central policy impact.","normal"
"2025-04-16 10:43:50","DEBUG","APIGateway","Control huge put sometimes time likely.","normal"
"2025-04-16 10:24:43","WARN","APIGateway","Enjoy picture capital should bad if air.","normal"
"2025-04-16 10:44:00","INFO","DBService","Poor population safe show popular.","normal"
"2025-04-16 10:29:35","ERROR","APIGateway","Permission denied","anomaly"
"2025-04-16 10:29:37","INFO","Cache","Face mind language probably.","normal"
"2025-04-16 10:44:15","INFO","Network","Shoulder least if.","normal"
"2025-04-16 10:44:20","INFO","DBService","Outside security college better memory customer.","normal"
"2025-04-16 10:34:37","INFO","DBService","Agree charge couple service baby.","normal"
"2025-04-16 10:24:50","DEBUG","APIGateway","Discover must cultural.","normal"
"2025-04-16 10:24:51","INFO","APIGateway","Drive when ten itself.","normal"
"2025-04-16 10:29:49","INFO","APIGateway","Low understand future check condition move last.","normal"
"2025-04-16 10:39:47","WARN","Cache","Month traditional agency middle true let dinner.","normal"
"2025-04-16 10:39:51","WARN","DBService","Central eight back pick all dog final sign.","normal"
"2025-04-16 10:39:55","WARN","APIGateway","But standard too.","normal"
"2025-04-16 10:45:00","DEBUG","APIGateway","Month mouth trade floor foreign special.","normal"
"2025-04-16 10:40:03","INFO","AuthService","Bank note table respond must.","normal"
"2025-04-16 10:35:04","ERROR","Network","OutOfMemoryError","anomaly"
"2025-04-16 10:30:03","WARN","AuthService","Court us charge.","normal"
"2025-04-16 10:30:05","INFO","AuthService","Ability parent every imagine amount trouble.","normal"
"2025-04-16 10:30:07","INFO","Network","Field party lawyer quickly shake.","normal"
"2025-04-16 10:40:23","INFO","AuthService","Child since might move me hard ago.","normal"
"2025-04-16 10:25:03","INFO","Network","Without far create attention child.","normal"
"2025-04-16 10:40:31","ERROR","DBService","Environmental rate right born science after expert.","normal"
"2025-04-16 10:25:05","INFO","Cache","Build need those time.","normal"
"2025-04-16 10:45:50","INFO","Network","Else system break side policy.","normal"
"2025-04-16 10:45:55","WARN","Network","Box effect meet small.","normal"
"2025-04-16 10:40:47","DEBUG","AuthService","Anyone hotel system door drop common.","normal"
"2025-04-16 10:25:09","INFO","DBService","Several power discussion.","normal"
"2025-04-16 10:25:10","WARN","Cache","Enjoy agency then author attack age.","normal"
"2025-04-16 10:40:59","WARN","Network","Can build wear least believe sell.","normal"
"2025-04-16 10:41:03","DEBUG","Cache","Effect whatever compare type skill quite language.","normal"
"2025-04-16 10:30:31","ERROR","Network","Agreement indeed prove add form on.","normal"
"2025-04-16 10:46:30","CRITICAL","Cache","Name change where former least sign.","normal"
"2025-04-16 10:35:55","ERROR","Network","Connection timed out","anomaly"
"2025-04-16 10:46:40","INFO","AuthService","Week near recently eye item particular prove.","normal"
"2025-04-16 10:25:17","ERROR","APIGateway","Just nice hand food month state you.","normal"
"2025-04-16 10:46:50","ERROR","AuthService","Permission denied","anomaly"
"2025-04-16 10:25:19","ERROR","DBService","Pay responsibility individual dog no skin.","normal"
"2025-04-16 10:47:00","INFO","AuthService","Most minute we generation him police expect view.","normal"
"2025-04-16 10:25:21","INFO","Network","Cost myself simple when less member.","normal"
"2025-04-16 10:41:43","INFO","Cache","Opportunity laugh eye put loss wall result.","normal"
"2025-04-16 10:41:47","INFO","APIGateway","Kid base decade bank professor popular protect.","normal"
"2025-04-16 10:47:20","INFO","Cache","Teach country type program ask nearly.","normal"
"2025-04-16 10:30:55","INFO","DBService","Job quickly hope ever family cut.","normal"
"2025-04-16 10:30:57","INFO","Cache","Project whose parent accept expect.","normal"
"2025-04-16 10:25:27","WARN","APIGateway","Quality eye upon whatever threat evening cost.","normal"
"2025-04-16 10:25:28","INFO","AuthService","Democrat hospital source understand suggest camera decade daughter.","normal"
"2025-04-16 10:42:11","INFO","Cache","Phone rich assume cause last process into.","normal"
"2025-04-16 10:42:15","ERROR","AuthService","Result church study fly condition successful.","normal"
"2025-04-16 10:25:31","CRITICAL","DBService","Tend fly successful issue.","normal"
"2025-04-16 10:48:00","INFO","Network","Range sell important thought most down traditional.","normal"
"2025-04-16 10:42:27","ERROR","APIGateway","Food order six treat news others nature.","normal"
"2025-04-16 10:36:52","WARN","DBService","Explain man arm hair.","normal"
"2025-04-16 10:42:35","DEBUG","AuthService","Million reflect phone.","normal"
"2025-04-16 10:25:36","INFO","APIGateway","Standard dream pass by red understand plan.","normal"
"2025-04-16 10:37:01","WARN","APIGateway","Thought realize begin heavy throughout our total.","normal"
"2025-04-16 10:42:47","INFO","Cache","Everything present ago democratic others.","normal"
"2025-04-16 10:48:35","WARN","AuthService","Purpose could the.","normal"
"2025-04-16 10:48:40","WARN","APIGateway","Money far door interest wonder official policy.","normal"
"2025-04-16 10:42:59","INFO","Cache","Guy marriage bed probably.","normal"
"2025-04-16 10:31:29","INFO","AuthService","Within new unit send impact art run.","normal"
"2025-04-16 10:48:55","DEBUG","AuthService","Church some hair least fund.","normal"
"2025-04-16 10:31:33","INFO","Cache","Everyone only few tonight bank peace scientist continue.","normal"
"2025-04-16 10:49:05","INFO","AuthService","Blood lay marriage realize until current itself.","normal"
"2025-04-16 10:49:10","CRITICAL","DBService","Of product into.","normal"
"2025-04-16 10:31:39","INFO","AuthService","All push parent experience Congress source.","normal"
"2025-04-16 10:25:48","WARN","APIGateway","Specific son leg arrive.","normal"
"2025-04-16 10:25:49","INFO","Network","Prevent accept ago project.","normal"
"2025-04-16 10:43:35","DEBUG","DBService","Picture charge soldier year city.","normal"
"2025-04-16 10:43:39","INFO","AuthService","Quality audience myself mother learn across through.","normal"
"2025-04-16 10:37:46","INFO","Cache","Always ahead as force my strategy surface it.","normal"
"2025-04-16 10:43:47","DEBUG","Network","Attack pay how.","normal"
"2025-04-16 10:49:50","INFO","Cache","Key travel wall war.","normal"
"2025-04-16 10:25:55","INFO","APIGateway","Policy fill matter military bit television development.","normal"
"2025-04-16 10:25:56","INFO","Network","Should measure song also bring edge network.","normal"
"2025-04-16 10:50:05","DEBUG","Cache","Season once make federal agree.","normal"
"2025-04-16 10:50:10","WARN","DBService","Talk those off most east degree business within.","normal"
"2025-04-16 10:44:11","ERROR","DBService","Argue cup or fill.","normal"
"2025-04-16 10:32:05","ERROR","AuthService","What economy ball.","normal"
"2025-04-16 10:44:19","DEBUG","Cache","Discussion building list operation coach.","normal"
"2025-04-16 10:50:30","ERROR","DBService","Easy capital open hope now present performance.","normal"
"2025-04-16 10:26:03","INFO","DBService","End never unit whole peace magazine environmental.","normal"
"2025-04-16 10:44:31","DEBUG","Cache","Real quality like shoulder.","normal"
"2025-04-16 10:38:25","DEBUG","AuthService","National success child less together arm.","normal"
"2025-04-16 10:38:28","DEBUG","Network","Reduce group large five.","normal"
"2025-04-16 10:50:55","WARN","Network","Plan short catch beautiful computer.","normal"
"2025-04-16 10:38:34","INFO","AuthService","If manager rise compare his.","normal"
"2025-04-16 10:51:05","INFO","Cache","Investment change good box.","normal"
"2025-04-16 10:44:55","INFO","APIGateway","Develop much color way be.","normal"
"2025-04-16 10:32:27","WARN","DBService","Lead industry soldier today.","normal"
"2025-04-16 10:32:29","INFO","Cache","Into amount any so when follow.","normal"
"2025-04-16 10:38:49","INFO","AuthService","Make official particular up.","normal"
"2025-04-16 10:32:33","CRITICAL","AuthService","System overheating","anomaly"
"2025-04-16 10:45:15","WARN","AuthService","Exist city culture go.","normal"
"2025-04-16 10:26:16","DEBUG","APIGateway","Hit degree another some break.","normal"
"2025-04-16 10:51:45","INFO","Network","Remember hand reflect behind everybody.","normal"
"2025-04-16 10:39:04","DEBUG","APIGateway","Suggest few mother business.","normal"
"2025-04-16 10:26:19","INFO","AuthService","Spring member project enter management tax party.","normal"
"2025-04-16 10:45:35","WARN","APIGateway","Who investment project produce.","normal"
"2025-04-16 10:26:21","INFO","DBService","Claim while list over.","normal"
"2025-04-16 10:32:49","INFO","Network","My catch its culture sport technology.","normal"
"2025-04-16 10:32:51","INFO","DBService","Allow model image market teach.","normal"
"2025-04-16 10:32:53","INFO","Cache","Head dream soldier run off outside new force.","normal"
"2025-04-16 10:39:25","DEBUG","Cache","Mr old avoid artist.","normal"
"2025-04-16 10:26:26","WARN","DBService","Page quality feeling center.","normal"
"2025-04-16 10:52:35","INFO","DBService","Reason analysis sort economic involve career significant.","normal"
"2025-04-16 10:52:40","INFO","AuthService","Lawyer thank owner dog whole PM next offer.","normal"
"2025-04-16 10:52:45","DEBUG","Cache","Event myself garden trade.","normal"
"2025-04-16 10:39:40","INFO","APIGateway","Level under ten Democrat.","normal"
"2025-04-16 10:26:31","INFO","Cache","Ever assume central radio increase prepare painting style.","normal"
"2025-04-16 10:39:46","INFO","Cache","Board opportunity chance role why watch water maybe.","normal"
"2025-04-16 10:33:11","INFO","Cache","Life poor fire commercial.","normal"
"2025-04-16 10:46:31","INFO","APIGateway","Another nature item attention.","normal"
"2025-04-16 10:26:35","DEBUG","Network","Fire be short company always goal.","normal"
"2025-04-16 10:39:58","CRITICAL","DBService","Deal return take leader development born rich center.","normal"
"2025-04-16 10:26:37","INFO","AuthService","Clear test conference office expert physical.","normal"
"2025-04-16 10:46:47","ERROR","DBService","Segmentation fault","anomaly"
"2025-04-16 10:40:07","DEBUG","AuthService","Six indicate trade away admit water.","normal"
"2025-04-16 10:53:40","WARN","APIGateway","Often Mrs theory start animal reduce cold father.","normal"
"2025-04-16 10:53:45","CRITICAL","Cache","OutOfMemoryError","anomaly"
"2025-04-16 10:53:50","ERROR","Cache","Employee clear school million apply now worry carry.","normal"
"2025-04-16 10:47:07","INFO","Cache","Almost turn red.","normal"
"2025-04-16 10:33:33","INFO","AuthService","Wear nature region unit responsibility although.","normal"
"2025-04-16 10:54:05","INFO","DBService","Evidence bill animal see draw.","normal"
"2025-04-16 10:33:37","INFO","AuthService","Music painting prepare understand may market.","normal"
"2025-04-16 10:33:39","DEBUG","Network","Compare have upon able evidence treatment.","normal"
"2025-04-16 10:33:41","INFO","APIGateway","Day school health card whose.","normal"
"2025-04-16 10:26:49","INFO","Cache","Study any when record Mr together.","normal"
"2025-04-16 10:54:30","DEBUG","APIGateway","Treat floor despite every.","normal"
"2025-04-16 10:33:47","INFO","Network","Suggest turn maybe small condition.","normal"
"2025-04-16 10:40:46","INFO","DBService","Figure bank glass coach produce.","normal"
"2025-04-16 10:47:47","INFO","Network","Run bed election take today defense.","normal"
"2025-04-16 10:26:54","ERROR","Network","OutOfMemoryError","anomaly"
"2025-04-16 10:54:55","WARN","AuthService","Plant who since area.","normal"
"2025-04-16 10:40:58","WARN","Cache","Think structure it daughter close guy what.","normal"
"2025-04-16 10:26:57","INFO","APIGateway","Safe always best recent imagine growth.","normal"
"2025-04-16 10:55:10","INFO","DBService","Stage wife but whom north moment inside even.","normal"
"2025-04-16 10:34:03","ERROR","AuthService","They wrong through agency body less defense.","normal"
"2025-04-16 10:41:10","WARN","DBService","Community everyone white.","normal"
"2025-04-16 10:55:25","ERROR","APIGateway","Small throughout contain.","normal"
"2025-04-16 10:55:30","DEBUG","Cache","Lay tend lot its perform main sing.","normal"
"2025-04-16 10:34:11","CRITICAL","Cache","Technology establish beyond response.","normal"
"2025-04-16 10:41:22","CRITICAL","APIGateway","Segmentation fault","anomaly"
"2025-04-16 10:48:35","INFO","Cache","Interest when page medical.","normal"
"2025-04-16 10:34:17","WARN","Cache","Federal participant usually buy.","normal"
"2025-04-16 10:55:55","INFO","DBService","Decision former far word one a particular.","normal"
"2025-04-16 10:48:47","INFO","DBService","Throw bag attack realize rich feeling.","normal"
"2025-04-16 10:34:23","INFO","Cache","Site speak letter officer rule six in.","normal"
"2025-04-16 10:34:25","INFO","Cache","House federal business great.","normal"
"2025-04-16 10:41:43","INFO","AuthService","Determine ten computer can avoid response.","normal"
"2025-04-16 10:27:12","INFO","Cache","Who test relationship begin future success without.","normal"
"2025-04-16 10:49:07","INFO","Network","Property save probably few hard group.","normal"
"2025-04-16 10:27:14","INFO","DBService","Degree wrong interview bill whose.","normal"
"2025-04-16 10:56:35","INFO","Cache","Institution run agreement by ever these.","normal"
"2025-04-16 10:41:58","WARN","Network","Political out no tough.","normal"
"2025-04-16 10:34:39","INFO","Cache","Trouble strong method seek long charge article.","normal"
"2025-04-16 10:34:41","ERROR","APIGateway","Connection timed out","anomaly"
"2025-04-16 10:27:19","DEBUG","DBService","Everything watch decision senior.","normal"
"2025-04-16 10:34:45","INFO","Cache","Very fear song buy.","normal"
"2025-04-16 10:57:05","DEBUG","AuthService","Voice red fight wait firm ahead.","normal"
"2025-04-16 10:49:43","INFO","DBService","Available short thousand.","normal"
"2025-04-16 10:49:47","DEBUG","DBService","Address long power create civil phone.","normal"
"2025-04-16 10:34:53","DEBUG","Network","Pull happen give.","normal"
"2025-04-16 10:57:25","DEBUG","APIGateway","Treat tonight large team industry key.","normal"
"2025-04-16 10:57:30","DEBUG","Cache","Money provide member record cause face pass.","normal"
"2025-04-16 10:57:35","ERROR","Cache","Sport ever theory theory participant.","normal"
"2025-04-16 10:57:40","CRITICAL","DBService","Drop for theory home several.","normal"
"2025-04-16 10:42:37","INFO","DBService","Wait while role anything garden probably.","normal"
"2025-04-16 10:42:40","ERROR","AuthService","Change about beautiful effort.","normal"
"2025-04-16 10:50:19","CRITICAL","APIGateway","Stock glass record process matter.","normal"
"2025-04-16 10:27:32","DEBUG","APIGateway","Wait small could threat condition team.","normal"
"2025-04-16 10:27:33","ERROR","Cache","OutOfMemoryError","anomaly"
"2025-04-16 10:35:13","WARN","Network","Choose blood break defense hear people.","normal"
"2025-04-16 10:58:15","INFO","AuthService","Song still degree under so watch first bank.","normal"
"2025-04-16 10:27:36","INFO","APIGateway","Find probably raise would similar few wind.","normal"
"2025-04-16 10:58:25","INFO","Cache","Discuss result husband establish always present.","normal"
"2025-04-16 10:35:21","ERROR","Cache","Few officer official chair thousand.","normal"
"2025-04-16 10:50:51","INFO","Cache","Issue painting man strategy street floor tell resource.","normal"
"2025-04-16 10:50:55","DEBUG","Network","Against without interest who debate gas education.","normal"
"2025-04-16 10:27:41","INFO","Cache","Minute level you blood position room from.","normal"
"2025-04-16 10:51:03","WARN","Cache","Well whom new drop.","normal"
"2025-04-16 10:27:43","INFO","APIGateway","Black doctor difficult her assume.","normal"
"2025-04-16 10:59:00","WARN","AuthService","Produce ability would church against.","normal"
"2025-04-16 10:59:05","INFO","DBService","Think walk article wish add conference.","normal"
"2025-04-16 10:27:46","INFO","DBService","Base start them moment build suffer build usually.","normal"
"2025-04-16 10:35:39","INFO","DBService","Hit Mr owner avoid.","normal"
"2025-04-16 10:51:27","CRITICAL","APIGateway","Connection timed out","anomaly"
"2025-04-16 10:59:25","DEBUG","DBService","Professor world safe baby area site son relate.","normal"
"2025-04-16 10:27:50","CRITICAL","Cache","Connection timed out","anomaly"
"2025-04-16 10:43:43","INFO","DBService","Yourself hear feeling clear dog true.","normal"
"2025-04-16 10:51:43","INFO","DBService","Usually candidate political newspaper century throughout.","normal"
"2025-04-16 10:51:47","ERROR","APIGateway","Just seem author provide yourself focus research.","normal"
"2025-04-16 10:51:51","INFO","Network","About and work administration.","normal"
"2025-04-16 10:35:55","ERROR","AuthService","Maintain contain six model finally early throw.","normal"
"2025-04-16 11:00:00","INFO","DBService","Take see difficult maintain work lot.","normal"
"2025-04-16 11:00:05","INFO","Network","Yard when not interest be chance.","normal"
"2025-04-16 10:27:58","DEBUG","Network","Month position born buy machine respond.","normal"
"2025-04-16 10:52:11","INFO","APIGateway","Politics American drop pay after.","normal"
"2025-04-16 10:52:15","INFO","Network","Treat treat ahead discuss agreement.","normal"
"2025-04-16 10:28:01","WARN","Network","Citizen cultural necessary leg rule break.","normal"
"2025-04-16 11:00:30","ERROR","DBService","Leg season trade theory laugh heavy religious agreement.","normal"
"2025-04-16 10:28:03","INFO","DBService","Ball energy fact party sister heart final.","normal"
"2025-04-16 10:36:13","INFO","Network","Leader season write per answer same.","normal"
"2025-04-16 11:00:45","DEBUG","Cache","Cost age military sell here establish.","normal"
"2025-04-16 10:52:39","DEBUG","APIGateway","Check play control smile computer yes interview two.","normal"
"2025-04-16 11:00:55","INFO","APIGateway","Actually keep physical also magazine great.","normal"
"2025-04-16 10:28:08","WARN","APIGateway","Two class get agent friend popular.","normal"
"2025-04-16 10:28:09","WARN","APIGateway","War more field against why material.","normal"
"2025-04-16 10:44:40","CRITICAL","Network","System overheating","anomaly"
"2025-04-16 10:36:27","ERROR","APIGateway","Couple indeed nice cultural manage.","normal"
"2025-04-16 10:44:46","INFO","APIGateway","Establish stand beat perhaps kind simply.","normal"
"2025-04-16 11:01:25","INFO","APIGateway","Land world while economic interview.","normal"
"2025-04-16 10:44:52","INFO","DBService","Keep glass several among practice.","normal"
"2025-04-16 10:44:55","INFO","Network","City worker those college soldier necessary campaign.","normal"
"2025-04-16 10:36:37","ERROR","AuthService","Database locked","anomaly"
"2025-04-16 11:01:45","ERROR","DBService","Segmentation fault","anomaly"
"2025-04-16 10:28:18","INFO","AuthService","Check perhaps way glass.","normal"
"2025-04-16 10:36:43","DEBUG","Network","Or chance himself central all protect suggest newspaper.","normal"
"2025-04-16 10:36:45","INFO","APIGateway","Minute we herself specific bad.","normal"
"2025-04-16 10:45:13","WARN","APIGateway","Kind theory three stop ask at.","normal"
"2025-04-16 10:53:43","INFO","DBService","Hot cultural necessary second agency seat bag.","normal"
"2025-04-16 10:45:19","INFO","Cache","Example use add politics.","normal"
"2025-04-16 11:02:20","ERROR","Network","Nothing full computer try.","normal"
"2025-04-16 10:45:25","WARN","Cache","Hot while court mean board building wait let.","normal"
"2025-04-16 11:02:30","WARN","APIGateway","Design good occur others try fight.","normal"
"2025-04-16 10:28:27","INFO","Cache","Care family letter sea go.","normal"
"2025-04-16 10:37:01","INFO","Cache","Congress Congress land can season.","normal"
"2025-04-16 10:28:29","ERROR","DBService","Suffer position imagine down admit beyond.","normal"
"2025-04-16 10:45:40","ERROR","Network","Segmentation fault","anomaly"
"2025-04-16 10:45:43","WARN","AuthService","Market party whom.","normal"
"2025-04-16 10:54:23","INFO","APIGateway","Recently rich bar believe Congress arm.","normal"
"2025-04-16 10:45:49","INFO","AuthService","Current support actually structure.","normal"
"2025-04-16 11:03:10","INFO","DBService","Provide street hard during leader.","normal"
"2025-04-16 10:37:15","WARN","Network","Stop series yourself store performance resource.","normal"
"2025-04-16 10:37:17","INFO","Cache","Effort half chair base.","normal"
"2025-04-16 10:54:43","WARN","APIGateway","Industry lead listen card career guess our.","normal"
"2025-04-16 10:37:21","INFO","DBService","Place instead want toward off.","normal"
"2025-04-16 11:03:35","ERROR","AuthService","Also smile kid easy store.","normal"
"2025-04-16 10:46:10","INFO","AuthService","Star recognize concern close throughout coach play.","normal"
"2025-04-16 11:03:45","INFO","DBService","Every away it activity news word.","normal"
"2025-04-16 10:28:42","ERROR","APIGateway","Coach street five station read manager administration.","normal"
"2025-04-16 10:55:07","INFO","Network","Smile every above operation measure let fund.","normal"
"2025-04-16 10:28:44","DEBUG","DBService","Involve special deal key rate.","normal"
"2025-04-16 10:37:35","DEBUG","DBService","Place seat doctor girl action film.","normal"
"2025-04-16 10:46:28","INFO","APIGateway","Like home note national game man seek.","normal"
"2025-04-16 10:55:23","INFO","Network","Sometimes image night remain test.","normal"
"2025-04-16 10:55:27","INFO","Cache","Despite manager perhaps room.","normal"
"2025-04-16 10:28:49","INFO","Network","Develop large continue bad store price score page.","normal"
"2025-04-16 10:28:50","ERROR","Cache","Think body rich happy fine off home.","normal"
"2025-04-16 10:46:43","DEBUG","DBService","Foot market wind western throw learn team.","normal"
"2025-04-16 11:04:40","INFO","AuthService","Institution give author score wait environmental.","normal"
"2025-04-16 10:55:47","ERROR","DBService","Seem require hair stand another focus.","normal"
"2025-04-16 10:55:51","INFO","APIGateway","Have how glass hair get somebody if property.","normal"
"2025-04-16 10:28:55","INFO","AuthService","Someone only glass whole and fight million.","normal"
"2025-04-16 10:37:57","INFO","Network","Sing decide manage represent.","normal"
"2025-04-16 10:37:59","INFO","DBService","Scientist start building this.","normal"
"2025-04-16 10:56:07","WARN","Network","Foot whether activity side.","normal"
"2025-04-16 10:47:07","INFO","APIGateway","Cut actually let.","normal"
"2025-04-16 10:47:10","INFO","AuthService","Military financial soldier history skin toward probably.","normal"
"2025-04-16 11:05:25","INFO","AuthService","News drop rock long expert girl.","normal"
"2025-04-16 10:38:09","INFO","DBService","Travel sound left bar senior audience.","normal"
"2025-04-16 10:56:27","DEBUG","Network","Hit assume floor only.","normal"
"2025-04-16 10:56:31","INFO","AuthService","Pass could during home send hour let.","normal"
"2025-04-16 10:56:35","DEBUG","Network","Organization what movie soon strategy after.","normal"
"2025-04-16 10:29:06","INFO","Cache","Idea member fast no light.","normal"
"2025-04-16 11:05:55","CRITICAL","Cache","Old establish small after himself policy.","normal"
"2025-04-16 10:56:47","INFO","APIGateway","Daughter different poor site.","normal"
"2025-04-16 10:38:23","INFO","Network","Feel certainly hospital.","normal"
"2025-04-16 10:38:25","ERROR","Cache","War company build subject voice more amount three.","normal"
"2025-04-16 10:47:43","DEBUG","DBService","Thank each author special born technology training usually.","normal"
"2025-04-16 10:47:46","DEBUG","DBService","Relationship outside address specific team west assume family.","normal"
"2025-04-16 10:29:13","ERROR","DBService","Home sound firm outside magazine group fear.","normal"
"2025-04-16 10:38:33","INFO","Network","Really show too number.","normal"
"2025-04-16 10:57:15","DEBUG","AuthService","Single note during explain administration truth.","normal"
"2025-04-16 10:57:19","INFO","AuthService","Action far sound site what.","normal"
"2025-04-16 10:48:01","WARN","Network","Company treatment plant walk.","normal"
"2025-04-16 10:38:41","ERROR","Cache","Cut follow southern start compare girl.","normal"
"2025-04-16 10:29:19","DEBUG","APIGateway","Reason little staff fire hour success.","normal"
"2025-04-16 11:07:00","INFO","APIGateway","Rule capital meet fear nice.","normal"
"2025-04-16 10:38:47","INFO","AuthService","By face fill bad real popular find account.","normal"
"2025-04-16 10:57:43","CRITICAL","Network","OutOfMemoryError","anomaly"
"2025-04-16 10:38:51","CRITICAL","Network","Culture send wind open cut upon.","normal"
"2025-04-16 10:38:53","CRITICAL","Network","About really evidence natural assume report though.","normal"
"2025-04-16 11:07:25","DEBUG","Cache","Seem station white.","normal"
"2025-04-16 11:07:30","ERROR","DBService","Database locked","anomaly"
"2025-04-16 11:07:35","ERROR","DBService","Member score wear again.","normal"
"2025-04-16 10:39:01","CRITICAL","AuthService","Database locked","anomaly"
"2025-04-16 11:07:45","INFO","APIGateway","Near seven capital onto open while political.","normal"
"2025-04-16 10:29:30","INFO","Cache","Growth leg future behind red particularly.","normal"
"2025-04-16 10:58:19","CRITICAL","AuthService","Connection timed out","anomaly"
"2025-04-16 11:08:00","WARN","APIGateway","Nothing inside my hand lose view rather.","normal"
"2025-04-16 10:48:49","INFO","AuthService","National care employee human popular.","normal"
"2025-04-16 10:48:52","WARN","Network","Front ten water small audience sure white foot.","normal"
"2025-04-16 11:08:15","INFO","DBService","Actually need develop while decision entire short.","normal"
"2025-04-16 10:48:58","CRITICAL","APIGateway","Body stay authority agency study her various year.","normal"
"2025-04-16 10:29:37","ERROR","APIGateway","Down military enough represent I weight discussion.","normal"
"2025-04-16 10:39:21","ERROR","APIGateway","Segmentation fault","anomaly"
"2025-04-16 10:49:07","WARN","AuthService","Energy peace away land hotel person tax understand.","normal"
"2025-04-16 10:58:55","DEBUG","Cache","Teacher season few receive effect time.","normal"
"2025-04-16 10:58:59","INFO","AuthService","Character act suffer where unit she green.","normal"
"2025-04-16 10:29:42","INFO","AuthService","Begin apply address maintain physical.","normal"
"2025-04-16 11:08:55","INFO","DBService","Budget program conference.","normal"
"2025-04-16 10:39:33","DEBUG","Network","Bank participant safe measure everybody ten the.","normal"
"2025-04-16 10:39:35","DEBUG","AuthService","Action use big make experience few.","normal"
"2025-04-16 10:49:28","DEBUG","APIGateway","Hot last child anything.","normal"
"2025-04-16 10:49:31","CRITICAL","DBService","Database locked","anomaly"
"2025-04-16 10:29:48","DEBUG","DBService","Down behavior claim close style wall.","normal"
"2025-04-16 10:49:37","CRITICAL","DBService","Database locked","anomaly"
"2025-04-16 10:49:40","INFO","AuthService","Conference compare line evening total.","normal"
"2025-04-16 10:39:47","DEBUG","Cache","Young dog find data no.","normal"
"2025-04-16 10:39:49","WARN","Network","Still lose blood interview.","normal"
"2025-04-16 11:09:45","DEBUG","Cache","Hotel around week ready always suggest soldier interesting.","normal"
"2025-04-16 10:39:53","INFO","Cache","Toward important lawyer film trip rise high.","normal"
"2025-04-16 10:29:55","INFO","APIGateway","They once mouth where leave hotel.","normal"
"2025-04-16 10:49:58","INFO","Network","Kid tend model produce part.","normal"
"2025-04-16 11:00:03","INFO","Network","Identify upon scientist among education learn.","normal"
"2025-04-16 10:50:04","ERROR","APIGateway","Database locked","anomaly"
"2025-04-16 10:50:07","INFO","DBService","Song which friend.","normal"
"2025-04-16 10:40:05","CRITICAL","DBService","Permission denied","anomaly"
"2025-04-16 11:10:25","INFO","DBService","Pm not save bring great both benefit.","normal"
"2025-04-16 11:10:30","ERROR","Network","Home across need bed measure likely.","normal"
"2025-04-16 10:30:03","INFO","Cache","Crime seek job daughter majority environmental.","normal"
"2025-04-16 11:10:40","INFO","AuthService","Rise first very security.","normal"
"2025-04-16 10:50:25","INFO","APIGateway","Write enter show worry.","normal"
"2025-04-16 11:10:50","INFO","DBService","West pick never number soldier.","normal"
"2025-04-16 11:00:43","DEBUG","APIGateway","Civil clearly game together per religious.","normal"
"2025-04-16 10:50:34","DEBUG","APIGateway","They at live present civil half nor.","normal"
"2025-04-16 10:30:09","INFO","Cache","Watch floor scene deal charge this employee.","normal"
"2025-04-16 10:40:25","WARN","AuthService","Race find cultural while nature.","normal"
"2025-04-16 11:11:15","ERROR","DBService","Which approach professor article suffer region each.","normal"
"2025-04-16 11:11:20","INFO","Cache","Follow total tonight time.","normal"
"2025-04-16 10:50:49","INFO","Network","Fall answer rise data crime prepare.","normal"
"2025-04-16 10:50:52","INFO","APIGateway","Do ahead your.","normal"
"2025-04-16 11:11:35","ERROR","DBService","OutOfMemoryError","anomaly"
"2025-04-16 10:40:37","WARN","APIGateway","Performance within similar anyone.","normal"
"2025-04-16 11:01:23","INFO","DBService","Wind visit street meet brother.","normal"
"2025-04-16 11:11:50","ERROR","DBService","Your western help machine.","normal"
"2025-04-16 10:30:19","ERROR","AuthService","Database locked","anomaly"
"2025-04-16 11:01:35","ERROR","APIGateway","Permission denied","anomaly"
"2025-04-16 10:40:47","ERROR","Cache","Father job today generation long evidence reflect drug.","normal"
"2025-04-16 11:12:10","DEBUG","Cache","Understand father sound individual score he over bit.","normal"
"2025-04-16 11:01:47","DEBUG","APIGateway","Process analysis play.","normal"
"2025-04-16 11:01:51","CRITICAL","Cache","Segmentation fault","anomaly"
"2025-04-16 11:12:25","INFO","Cache","Physical already will six eat.","normal"
"2025-04-16 10:51:28","WARN","APIGateway","List sign same try woman financial.","normal"
"2025-04-16 10:30:27","INFO","Network","Member sort notice.","normal"
"2025-04-16 11:12:40","WARN","APIGateway","Sure itself design treatment.","normal"
"2025-04-16 10:30:29","WARN","Network","Case year suffer voice.","normal"
"2025-04-16 11:12:50","DEBUG","Network","Nice professor painting value feel clearly open.","normal"
"2025-04-16 10:30:31","WARN","DBService","Cultural face drug happen piece yard.","normal"
"2025-04-16 10:41:09","ERROR","AuthService","Central student window cultural.","normal"
"2025-04-16 10:51:49","ERROR","APIGateway","Connection timed out","anomaly"
"2025-04-16 11:02:31","INFO","Cache","Draw they respond show.","normal"
"2025-04-16 11:13:15","CRITICAL","APIGateway","Feeling day property check community blue mission.","normal"
"2025-04-16 10:41:17","INFO","DBService","Generation professor single including.","normal"
"2025-04-16 10:30:37","INFO","Cache","Treat can not tell admit cultural surface.","normal"
"2025-04-16 10:52:04","INFO","DBService","Society statement himself need stage arm wind.","normal"
"2025-04-16 10:30:39","ERROR","AuthService","Between guess later catch the scientist a.","normal"
"2025-04-16 11:02:55","ERROR","DBService","Area personal song around teacher entire.","normal"
"2025-04-16 10:52:13","DEBUG","Network","Thousand region song although individual family foreign.","normal"
"2025-04-16 10:41:29","DEBUG","DBService","Table office front sound happy.","normal"
"2025-04-16 10:52:19","DEBUG","DBService","Enough own glass let.","normal"
"2025-04-16 10:30:44","DEBUG","APIGateway","This finish item word.","normal"
"2025-04-16 10:41:35","DEBUG","APIGateway","Seek garden actually loss member score Congress.","normal"
"2025-04-16 11:03:19","DEBUG","APIGateway","Line pretty budget ever.","normal"
"2025-04-16 11:14:15","INFO","Network","College exist forward many.","normal"
"2025-04-16 11:03:27","ERROR","Network","Three nice day special.","normal"
"2025-04-16 11:03:31","WARN","AuthService","Ball go take option ten in.","normal"
"2025-04-16 10:41:45","INFO","AuthService","Role case along those.","normal"
"2025-04-16 10:52:43","DEBUG","Network","Chair summer direction recently home list skin.","normal"
"2025-04-16 11:14:40","INFO","DBService","Third white program describe manager method stock.","normal"
"2025-04-16 10:52:49","INFO","AuthService","Season four for age around middle true improve.","normal"
"2025-04-16 10:52:52","DEBUG","DBService","Be claim writer herself no.","normal"
"2025-04-16 10:52:55","ERROR","DBService","As center room light.","normal"
"2025-04-16 10:41:57","ERROR","DBService","Database locked","anomaly"
"2025-04-16 10:30:57","DEBUG","APIGateway","Leg attorney out.","normal"
"2025-04-16 10:53:04","INFO","Cache","Music idea every.","normal"
"2025-04-16 11:04:11","INFO","APIGateway","Impact could leave Congress.","normal"
"2025-04-16 10:42:05","ERROR","DBService","Affect day sit summer second beautiful.","normal"
"2025-04-16 10:31:01","INFO","Network","Thousand response out happen here stand professional.","normal"
"2025-04-16 10:31:02","DEBUG","APIGateway","Laugh prevent perform rich.","normal"
"2025-04-16 11:15:35","INFO","APIGateway","Stock place use use enter enjoy crime.","normal"
"2025-04-16 10:31:04","CRITICAL","APIGateway","Friend whatever arm than.","normal"
"2025-04-16 10:42:15","INFO","DBService","Money west test note base civil color civil.","normal"
"2025-04-16 11:15:50","WARN","DBService","Strategy class summer guess form floor stop design.","normal"
"2025-04-16 10:53:31","INFO","DBService","Smile discover probably deep entire occur stock.","normal"
"2025-04-16 10:42:21","CRITICAL","Network","Bring energy relate various.","normal"
"2025-04-16 10:53:37","CRITICAL","AuthService","Segmentation fault","anomaly"
"2025-04-16 11:04:55","CRITICAL","Cache","Permission denied","anomaly"
"2025-04-16 11:04:59","DEBUG","AuthService","Eat some forget force second result look.","normal"
"2025-04-16 10:31:12","INFO","DBService","Appear network year.","normal"
"2025-04-16 11:05:07","DEBUG","Cache","Say meet apply.","normal"
"2025-04-16 10:42:33","DEBUG","Network","Western share performance network.","normal"
"2025-04-16 11:16:35","CRITICAL","DBService","Permission denied","anomaly"
"2025-04-16 10:42:37","INFO","Cache","Present about quickly information less leader.","normal"
"2025-04-16 10:54:01","INFO","DBService","Address defense brother head.","normal"
"2025-04-16 11:05:27","ERROR","Network","Care someone would.","normal"
"2025-04-16 10:42:43","INFO","APIGateway","Build cultural argue weight us save.","normal"
"2025-04-16 11:17:00","DEBUG","APIGateway","Bar someone traditional option end method.","normal"
"2025-04-16 10:31:21","INFO","AuthService","Over class might poor skin lawyer gun.","normal"
"2025-04-16 10:31:22","INFO","Cache","Democrat woman kind man today expert.","normal"
"2025-04-16 10:54:19","INFO","Cache","Task attention agent community last.","normal"
"2025-04-16 10:54:22","INFO","Cache","Or government film couple.","normal"
"2025-04-16 10:31:25","ERROR","AuthService","Could again make.","normal"
"2025-04-16 10:31:26","WARN","DBService","Way anyone change outside.","normal"
"2025-04-16 11:06:03","WARN","Network","Course human recognize economy.","normal"
"2025-04-16 10:31:28","INFO","Cache","Country any report baby just.","normal"
"2025-04-16 11:06:11","ERROR","DBService","Professor her determine production finish still.","normal"
"2025-04-16 10:54:40","ERROR","APIGateway","Property matter manager.","normal"
"2025-04-16 11:17:55","INFO","AuthService","Imagine main issue experience yes hour peace.","normal"
"2025-04-16 11:06:23","INFO","Cache","Black short during.","normal"
"2025-04-16 11:06:27","INFO","AuthService","Run power for thus this charge lose.","normal"
"2025-04-16 11:06:31","INFO","DBService","Water street old maintain general senior.","normal"
"2025-04-16 11:06:35","WARN","Network","Television hit clear project goal water.","normal"
"2025-04-16 11:18:20","CRITICAL","AuthService","Win something themselves dog member moment avoid.","normal"
"2025-04-16 11:06:43","DEBUG","Cache","Remain sometimes later trip reflect class reality.","normal"
"2025-04-16 10:55:04","INFO","APIGateway","Money sea national rule.","normal"
"2025-04-16 10:43:23","INFO","AuthService","Reveal physical attack trip language.","normal"
"2025-04-16 11:06:55","INFO","Network","Painting special east improve lose.","normal"
"2025-04-16 10:31:41","DEBUG","DBService","Although car picture drive less window.","normal"
"2025-04-16 11:07:03","CRITICAL","APIGateway","Discover believe consumer represent grow participant boy.","normal"
"2025-04-16 10:31:43","INFO","Network","Reason yourself paper born.","normal"
"2025-04-16 10:31:44","INFO","APIGateway","Short final run serve figure war trade everyone.","normal"
"2025-04-16 10:55:25","INFO","Cache","Determine effort again rise my door color reach.","normal"
"2025-04-16 10:55:28","INFO","DBService","Marriage third himself whom wide public society.","normal"
"2025-04-16 11:19:15","INFO","DBService","Town behind wonder.","normal"
"2025-04-16 11:19:20","DEBUG","APIGateway","Mother anyone probably six shoulder we program.","normal"
"2025-04-16 11:07:31","INFO","AuthService","Race use positive movie mother physical available.","normal"
"2025-04-16 11:07:35","INFO","DBService","Decade book market out wrong another.","normal"
"2025-04-16 10:31:51","ERROR","Network","In suggest cut market guy research president.","normal"
"2025-04-16 10:31:52","WARN","AuthService","Dog likely traditional painting.","normal"
"2025-04-16 10:55:49","DEBUG","Cache","Art movie picture term key budget message.","normal"
"2025-04-16 10:31:54","DEBUG","AuthService","Investment accept against lay travel single.","normal"
"2025-04-16 11:07:55","INFO","DBService","Drive dark leader front.","normal"
"2025-04-16 10:43:57","CRITICAL","AuthService","Behavior him high watch chance.","normal"
"2025-04-16 10:31:57","INFO","Network","Toward interview very material.","normal"
"2025-04-16 10:44:01","INFO","Network","Need year property kitchen agreement remain.","normal"
"2025-04-16 10:44:03","INFO","DBService","Practice according life the range.","normal"
"2025-04-16 10:56:10","DEBUG","APIGateway","If system work let blue budget behavior.","normal"
"2025-04-16 11:20:25","DEBUG","APIGateway","Want hour open.","normal"
"2025-04-16 11:20:30","INFO","Cache","Blood prepare share future perhaps especially.","normal"
"2025-04-16 10:56:19","DEBUG","Network","Admit can former section hear run.","normal"
"2025-04-16 11:20:40","ERROR","APIGateway","System overheating","anomaly"
"2025-04-16 11:08:35","DEBUG","AuthService","Network center figure.","normal"
"2025-04-16 10:56:28","INFO","Cache","Task would suggest evening ahead.","normal"
"2025-04-16 10:44:19","WARN","AuthService","Around assume the sign degree see.","normal"
"2025-04-16 10:56:34","CRITICAL","APIGateway","Permission denied","anomaly"
"2025-04-16 10:56:37","ERROR","Network","Pick size tree news listen lot.","normal"
"2025-04-16 11:21:10","INFO","DBService","Value place next thought think although win here.","normal"
"2025-04-16 11:21:15","ERROR","Network","Segmentation fault","anomaly"
"2025-04-16 10:32:12","DEBUG","DBService","Especially alone plan sell always.","normal"
"2025-04-16 10:56:49","INFO","Cache","Imagine cut across eye.","normal"
"2025-04-16 10:44:33","CRITICAL","Network","OutOfMemoryError","anomaly"
"2025-04-16 10:56:55","DEBUG","APIGateway","Lose wife sign local agreement.","normal"
"2025-04-16 11:21:40","INFO","Cache","Chair hair according develop total mouth fall.","normal"
"2025-04-16 10:44:39","DEBUG","Cache","Total my always girl participant sound send.","normal"
"2025-04-16 11:09:27","DEBUG","DBService","Artist agree early return price.","normal"
"2025-04-16 11:21:55","WARN","Network","Artist certain hard loss.","normal"
"2025-04-16 10:44:45","INFO","Cache","Amount available at.","normal"
"2025-04-16 10:44:47","INFO","Network","Learn different crime line agree identify.","normal"
"2025-04-16 10:57:16","INFO","Cache","Hot himself peace from.","normal"
"2025-04-16 11:09:47","DEBUG","APIGateway","Throughout middle conference education total.","normal"
"2025-04-16 11:22:20","INFO","DBService","Matter five focus produce.","normal"
"2025-04-16 10:32:25","INFO","Cache","Foreign adult above south then.","normal"
"2025-04-16 10:44:57","INFO","Cache","Religious book total no.","normal"
"2025-04-16 10:44:59","INFO","APIGateway","Personal small college need.","normal"
"2025-04-16 11:10:07","CRITICAL","Network","Segmentation fault","anomaly"
"2025-04-16 11:22:45","INFO","Network","From environment anything free.","normal"
"2025-04-16 10:57:40","INFO","DBService","Study war message ability another buy different.","normal"
"2025-04-16 10:57:43","WARN","DBService","Upon threat thing marriage industry.","normal"
"2025-04-16 10:57:46","INFO","Cache","Bill likely throw probably find foot media.","normal"
"2025-04-16 10:45:11","DEBUG","DBService","Knowledge east finally success subject step.","normal"
"2025-04-16 10:45:13","INFO","APIGateway","Movie rule phone page many.","normal"
"2025-04-16 10:45:15","DEBUG","AuthService","Under hit finally position.","normal"
"2025-04-16 10:45:17","WARN","Cache","Cause less name look speak left determine.","normal"
"2025-04-16 11:23:25","ERROR","APIGateway","Teacher change future whom land wall.","normal"
"2025-04-16 10:58:04","ERROR","AuthService","Environmental month base traditional administration phone.","normal"
"2025-04-16 10:58:07","INFO","Cache","Approach difference customer expect letter tax talk.","normal"
"2025-04-16 10:58:10","INFO","AuthService","Political discussion like.","normal"
"2025-04-16 10:32:41","CRITICAL","Network","System overheating","anomaly"
"2025-04-16 10:32:42","WARN","DBService","Cell analysis statement development likely.","normal"
"2025-04-16 10:32:43","DEBUG","Cache","Market support meeting college hospital.","normal"
"2025-04-16 10:32:44","WARN","Cache","Particularly sometimes whom authority choose.","normal"
"2025-04-16 10:45:35","ERROR","Network","Upon itself television southern truth financial simple.","normal"
"2025-04-16 10:45:37","INFO","DBService","Life let include president why total.","normal"
"2025-04-16 10:32:47","ERROR","Network","Database locked","anomaly"
"2025-04-16 11:24:20","INFO","APIGateway","Act day foot start important.","normal"
"2025-04-16 11:24:25","INFO","DBService","Drop discussion ago choice past low.","normal"
"2025-04-16 10:58:40","INFO","DBService","Doctor east behavior sound lawyer little model.","normal"
"2025-04-16 11:24:35","INFO","APIGateway","Theory family amount wait art town consider.","normal"
"2025-04-16 11:24:40","CRITICAL","Cache","Each away out always reveal.","normal"
"2025-04-16 10:58:49","INFO","DBService","Paper support fund among.","normal"
"2025-04-16 10:58:52","INFO","Cache","Energy may ahead bank leader.","normal"
"2025-04-16 11:24:55","CRITICAL","Cache","Space site anyone add back pass health.","normal"
"2025-04-16 10:45:57","CRITICAL","Cache","Segmentation fault","anomaly"
"2025-04-16 11:25:05","WARN","Network","Memory investment pattern it.","normal"
"2025-04-16 11:25:10","INFO","APIGateway","Water between option feeling chair TV front return.","normal"
"2025-04-16 10:59:07","INFO","DBService","Air step public yet human himself.","normal"
"2025-04-16 10:33:00","WARN","Cache","Realize well doctor Republican watch.","normal"
"2025-04-16 11:25:25","WARN","APIGateway","Between prove leg course expect trial.","normal"
"2025-04-16 10:33:02","CRITICAL","Network","Connection timed out","anomaly"
"2025-04-16 11:25:35","INFO","Cache","A couple total life consumer fight.","normal"
"2025-04-16 10:59:22","INFO","DBService","Move small among.","normal"
"2025-04-16 10:59:25","DEBUG","Network","Image behind perhaps than.","normal"
"2025-04-16 11:25:50","ERROR","AuthService","International contain air matter.","normal"
"2025-04-16 11:25:55","CRITICAL","APIGateway","Permission denied","anomaly"
"2025-04-16 11:12:47","INFO","APIGateway","Crime citizen impact environmental.","normal"
"2025-04-16 10:46:23","INFO","DBService","Drop practice measure ahead.","normal"
"2025-04-16 11:26:10","ERROR","APIGateway","OutOfMemoryError","anomaly"
"2025-04-16 10:46:27","WARN","Network","Particular send without these.","normal"
"2025-04-16 11:26:20","INFO","APIGateway","Ready level official.","normal"
"2025-04-16 10:59:49","CRITICAL","APIGateway","Realize population middle agreement say religious.","normal"
"2025-04-16 11:13:11","INFO","Cache","Heart can talk can whose.","normal"
"2025-04-16 10:33:15","DEBUG","DBService","Growth travel far social cause sea deal.","normal"
"2025-04-16 11:13:19","ERROR","Network","Connection timed out","anomaly"
"2025-04-16 11:13:23","INFO","AuthService","Job herself reason plan marriage.","normal"
"2025-04-16 11:13:27","INFO","APIGateway","True to watch key.","normal"
"2025-04-16 11:26:55","ERROR","DBService","Segmentation fault","anomaly"
"2025-04-16 10:33:20","ERROR","Cache","OutOfMemoryError","anomaly"
"2025-04-16 11:27:05","CRITICAL","AuthService","Personal stand than.","normal"
"2025-04-16 10:46:49","DEBUG","DBService","Long debate world some only detail fire.","normal"
"2025-04-16 10:33:23","WARN","Network","Fear blue home institution who group.","normal"
"2025-04-16 11:00:22","INFO","APIGateway","Mission on successful maybe sport economic.","normal"
"2025-04-16 11:13:55","ERROR","DBService","Yard note media force movie without once.","normal"
"2025-04-16 10:46:57","WARN","DBService","Low week inside each he above.","normal"
"2025-04-16 10:33:27","ERROR","Cache","At too war bank.","normal"
"2025-04-16 10:47:01","WARN","Network","Body senior gas push.","normal"
"2025-04-16 10:33:29","INFO","APIGateway","Growth difficult pay growth offer.","normal"
"2025-04-16 11:14:15","DEBUG","AuthService","Begin Democrat answer.","normal"
"2025-04-16 10:33:31","DEBUG","AuthService","Mrs attorney pressure letter community yard.","normal"
"2025-04-16 10:33:32","ERROR","APIGateway","Road call thus appear.","normal"
"2025-04-16 11:00:49","INFO","DBService","Meeting method may win.","normal"
"2025-04-16 10:33:34","ERROR","Cache","Give ability sound lot interest.","normal"
"2025-04-16 10:47:15","INFO","DBService","Cold but better political mother.","normal"
"2025-04-16 11:00:58","INFO","Cache","Discuss join everything get.","normal"
"2025-04-16 10:47:19","ERROR","Network","Off character entire father.","normal"
"2025-04-16 11:14:47","INFO","AuthService","Political shake factor cover season security thank.","normal"
"2025-04-16 10:47:23","DEBUG","Network","Above though decision challenge parent skill window.","normal"
"2025-04-16 11:14:55","WARN","Cache","Travel gun if stage radio admit.","normal"
"2025-04-16 11:14:59","INFO","Cache","What himself performance leg TV free method.","normal"
"2025-04-16 10:33:42","INFO","DBService","Throw interview bad family effort loss.","normal"
"2025-04-16 10:47:31","CRITICAL","Network","Capital fact career foreign movie.","normal"
"2025-04-16 11:01:22","CRITICAL","AuthService","Play first point next democratic course everybody.","normal"
"2025-04-16 11:15:15","DEBUG","Cache","Realize region matter notice discuss.","normal"
"2025-04-16 11:29:10","INFO","AuthService","Campaign administration card social almost.","normal"
"2025-04-16 11:01:31","CRITICAL","Cache","Permission denied","anomaly"
"2025-04-16 10:33:48","WARN","AuthService","Movie sea daughter off then although.","normal"
"2025-04-16 10:33:49","WARN","Network","Maybe detail cup town house current.","normal"
"2025-04-16 10:47:45","DEBUG","DBService","Green option position face whose leader teacher.","normal"
"2025-04-16 11:15:39","INFO","APIGateway","Financial condition security special song challenge medical become.","normal"
"2025-04-16 10:47:49","DEBUG","Cache","Section seem experience use big.","normal"
"2025-04-16 10:33:53","DEBUG","Network","And eight learn degree well small similar college.","normal"
"2025-04-16 11:29:50","DEBUG","Network","Seek moment rather but indeed.","normal"
"2025-04-16 11:29:55","INFO","DBService","Life food can deep north wear style.","normal"
"2025-04-16 11:30:00","WARN","AuthService","Least ball get take agency.","normal"
"2025-04-16 11:30:05","DEBUG","AuthService","Clear product improve ok far.","normal"
"2025-04-16 10:48:01","WARN","AuthService","Region resource soldier foot model bad real.","normal"
"2025-04-16 11:02:07","INFO","APIGateway","Investment argue work throughout spring.","normal"
"2025-04-16 10:34:00","INFO","DBService","Always boy protect tell science probably risk.","normal"
"2025-04-16 11:02:13","INFO","APIGateway","Into appear suffer itself security.","normal"
"2025-04-16 10:48:09","INFO","DBService","Main meeting will before newspaper according.","normal"
"2025-04-16 10:34:03","DEBUG","AuthService","Like campaign receive future.","normal"
"2025-04-16 10:34:04","INFO","Network","Mother newspaper care offer.","normal"
"2025-04-16 10:34:05","INFO","APIGateway","Picture effort before international deal soon.","normal"
"2025-04-16 11:30:50","DEBUG","AuthService","There course store base key action see.","normal"
"2025-04-16 11:02:31","INFO","AuthService","Try guess company scientist camera.","normal"
"2025-04-16 11:02:34","INFO","Cache","Rather line there specific project.","normal"
"2025-04-16 11:31:05","DEBUG","AuthService","Section outside seek and then work.","normal"
"2025-04-16 10:34:10","INFO","AuthService","Attack while nothing always.","normal"
"2025-04-16 10:34:11","INFO","APIGateway","Eye decision certainly fast international plan ability.","normal"
"2025-04-16 10:34:12","CRITICAL","APIGateway","Team develop real never.","normal"
"2025-04-16 11:17:07","CRITICAL","APIGateway","Avoid drug everybody local.","normal"
"2025-04-16 10:48:33","INFO","APIGateway","Tough treat imagine opportunity certain according.","normal"
"2025-04-16 10:34:15","INFO","DBService","Hear use former address involve.","normal"
"2025-04-16 11:31:40","ERROR","Cache","OutOfMemoryError","anomaly"
"2025-04-16 10:48:39","INFO","DBService","Impact bad more sort.","normal"
"2025-04-16 10:34:18","INFO","Cache","Memory go wind certain.","normal"
"2025-04-16 11:31:55","DEBUG","Network","Only table scientist marriage ok sport nor.","normal"
"2025-04-16 11:32:00","INFO","APIGateway","Artist government government ground democratic at.","normal"
"2025-04-16 11:32:05","INFO","APIGateway","Quite affect discuss compare.","normal"
"2025-04-16 10:48:49","CRITICAL","Network","Write federal career perform.","normal"
"2025-04-16 11:32:15","INFO","APIGateway","Action whether hotel news under not where benefit.","normal"
"2025-04-16 11:32:20","INFO","Cache","Without seek project process fight.","normal"
"2025-04-16 10:48:55","INFO","Network","Process voice future else record increase look.","normal"
"2025-04-16 10:34:26","INFO","APIGateway","Couple citizen scene tend also avoid ground.","normal"
"2025-04-16 11:32:35","WARN","AuthService","Senior garden president nearly strategy church trial.","normal"
"2025-04-16 10:34:28","ERROR","AuthService","Travel rather general fill sister power to despite.","normal"
"2025-04-16 10:34:29","INFO","DBService","Thousand note goal community.","normal"
"2025-04-16 11:03:40","DEBUG","APIGateway","Assume finally bar again road trial bad.","normal"
"2025-04-16 11:32:55","INFO","DBService","Side economic energy meeting rock sing.","normal"
"2025-04-16 11:03:46","ERROR","AuthService","System overheating","anomaly"
"2025-04-16 11:33:05","DEBUG","AuthService","Group collection stay choose someone simple.","normal"
"2025-04-16 11:18:31","WARN","DBService","Order relate last model career interesting.","normal"
"2025-04-16 10:34:35","INFO","Cache","Listen current most ok.","normal"
"2025-04-16 11:33:20","INFO","Cache","Game area only.","normal"
"2025-04-16 11:33:25","INFO","AuthService","Discover news concern citizen sister much institution.","normal"
"2025-04-16 10:34:38","WARN","Cache","Paper language east together glass act.","normal"
"2025-04-16 10:49:23","INFO","AuthService","Political study pull magazine school all.","normal"
"2025-04-16 10:34:40","WARN","APIGateway","Theory stuff compare central work nature.","normal"
"2025-04-16 10:49:27","INFO","APIGateway","Now hand side hard could series quality.","normal"
"2025-04-16 11:04:16","INFO","Network","Position pass never pay.","normal"
"2025-04-16 10:34:43","DEBUG","APIGateway","Management bring stand position another.","normal"
"2025-04-16 11:34:00","DEBUG","Cache","Traditional experience tough hope.","normal"
"2025-04-16 11:19:15","INFO","DBService","Treat feel long although effect.","normal"
"2025-04-16 11:34:10","WARN","Cache","Democratic approach support out growth data third.","normal"
"2025-04-16 10:34:47","WARN","Cache","Who only chair film adult home.","normal"
"2025-04-16 11:04:34","INFO","APIGateway","Painting simple generation attention marriage.","normal"
"2025-04-16 10:49:43","WARN","AuthService","Affect score difficult assume.","normal"
"2025-04-16 11:19:35","ERROR","DBService","Bed alone surface seek movement.","normal"
"2025-04-16 11:19:39","ERROR","AuthService","Whole they carry green.","normal"
"2025-04-16 11:19:43","DEBUG","DBService","Professor strong like point hundred near.","normal"
"2025-04-16 11:19:47","INFO","APIGateway","Save growth need amount voice use.","normal"
"2025-04-16 10:34:54","DEBUG","DBService","We organization side apply quality.","normal"
"2025-04-16 10:34:55","INFO","APIGateway","Store source so concern.","normal"
"2025-04-16 10:34:56","WARN","DBService","Reality born result than gas toward.","normal"
"2025-04-16 11:35:05","INFO","APIGateway","Evening performance Democrat wrong skin nature.","normal"
"2025-04-16 11:20:07","DEBUG","Network","Simply son support market energy.","normal"
"2025-04-16 11:05:07","CRITICAL","Network","System overheating","anomaly"
"2025-04-16 10:35:00","INFO","Network","Modern can four carry.","normal"
"2025-04-16 11:05:13","INFO","DBService","Positive stuff wonder would since.","normal"
"2025-04-16 11:20:23","WARN","Cache","Star market place prove.","normal"
"2025-04-16 11:35:35","WARN","DBService","Avoid design thus father.","normal"
"2025-04-16 10:35:04","DEBUG","Cache","Enter human wide control for charge sing.","normal"
"2025-04-16 11:20:35","INFO","APIGateway","Training control force benefit paper.","normal"
"2025-04-16 10:50:17","INFO","Cache","Main machine low home first fire.","normal"
"2025-04-16 10:50:19","DEBUG","Cache","Simple fight we three night girl out.","normal"
"2025-04-16 11:20:47","INFO","AuthService","Yet question bag maybe lose everybody effort.","normal"
"2025-04-16 11:05:37","CRITICAL","AuthService","Segmentation fault","anomaly"
"2025-04-16 11:05:40","INFO","AuthService","Join within will.","normal"
"2025-04-16 11:20:59","INFO","AuthService","A other college laugh.","normal"
"2025-04-16 11:05:46","CRITICAL","AuthService","Training recent any impact soldier charge.","normal"
"2025-04-16 11:21:07","DEBUG","AuthService","Serve table miss today once property half.","normal"
"2025-04-16 10:50:33","ERROR","Cache","Database locked","anomaly"
"2025-04-16 11:36:35","INFO","AuthService","Still floor large national yard upon treat.","normal"
"2025-04-16 11:21:19","INFO","AuthService","Grow trouble level second.","normal"
"2025-04-16 11:36:45","CRITICAL","Cache","OutOfMemoryError","anomaly"
"2025-04-16 10:50:41","INFO","Network","Pattern you tell foreign knowledge woman close.","normal"
"2025-04-16 10:50:43","ERROR","Network","Other beyond forget trade water represent information again.","normal"
"2025-04-16 10:50:45","INFO","Cache","Fight use while local yes.","normal"
"2025-04-16 10:50:47","ERROR","Cache","System overheating","anomaly"
"2025-04-16 11:21:43","INFO","Cache","Money foot soon response son.","normal"
"2025-04-16 11:37:15","DEBUG","DBService","Memory team past feeling under own.","normal"
"2025-04-16 10:50:53","DEBUG","AuthService","Serious site perhaps.","normal"
"2025-04-16 11:06:25","INFO","DBService","Traditional right offer capital then learn help.","normal"
"2025-04-16 11:37:30","INFO","Cache","Pay necessary others general traditional person benefit.","normal"
"2025-04-16 10:35:27","WARN","DBService","She him international our remember health local.","normal"
"2025-04-16 11:37:40","WARN","APIGateway","Apply finally talk possible administration along.","normal"
"2025-04-16 11:37:45","ERROR","APIGateway","Segmentation fault","anomaly"
"2025-04-16 11:37:50","CRITICAL","Cache","Bad situation whole near stock.","normal"
"2025-04-16 10:35:31","INFO","DBService","Resource same although reason deal whose.","normal"
"2025-04-16 11:22:23","WARN","Network","Where authority discuss.","normal"
"2025-04-16 11:38:05","CRITICAL","Network","Method base least space hair force.","normal"
"2025-04-16 11:22:31","INFO","Network","Great machine let model indeed.","normal"
"2025-04-16 11:06:55","INFO","Cache","Attack million marriage by amount.","normal"
"2025-04-16 10:35:36","INFO","Network","Whatever close each hair so able single.","normal"
"2025-04-16 11:07:01","INFO","Cache","Alone yet ready turn certain unit.","normal"
"2025-04-16 10:35:38","WARN","Network","Turn trade feel interest.","normal"
"2025-04-16 10:35:39","INFO","Network","Put particular on herself provide power once five.","normal"
"2025-04-16 11:22:55","INFO","AuthService","Keep win game.","normal"
"2025-04-16 11:07:13","DEBUG","Cache","Better fund since sea eight question year.","normal"
"2025-04-16 11:07:16","DEBUG","Network","Research before speech they bag create those method.","normal"
"2025-04-16 11:23:07","INFO","Network","Morning join strong.","normal"
"2025-04-16 10:51:33","CRITICAL","DBService","OutOfMemoryError","anomaly"
"2025-04-16 10:51:35","ERROR","DBService","Take fund least enough alone general character.","normal"
"2025-04-16 10:51:37","ERROR","Cache","Find practice town about argue artist.","normal"
"2025-04-16 11:39:15","INFO","AuthService","Hair brother wait beat seek event candidate.","normal"
"2025-04-16 11:07:34","INFO","APIGateway","Might kid animal specific.","normal"
"2025-04-16 11:39:25","INFO","Network","Toward music anyone by this case writer building.","normal"
"2025-04-16 10:35:50","INFO","DBService","Kind shake can surface operation.","normal"
"2025-04-16 10:51:47","DEBUG","DBService","Far agreement travel cost identify.","normal"
"2025-04-16 11:23:43","ERROR","Network","OutOfMemoryError","anomaly"
"2025-04-16 10:35:53","DEBUG","Cache","Fill gas not game drive play learn painting.","normal"
"2025-04-16 10:51:53","DEBUG","APIGateway","Compare career strategy choose toward.","normal"
"2025-04-16 10:35:55","DEBUG","Cache","Gun realize phone hair.","normal"
"2025-04-16 10:51:57","DEBUG","AuthService","Toward whose water official effect tree behind.","normal"
"2025-04-16 11:40:05","INFO","DBService","Owner local young interview.","normal"
"2025-04-16 11:24:07","INFO","DBService","Out none several morning performance reflect.","normal"
"2025-04-16 10:52:03","DEBUG","Network","Break special market word more record through society.","normal"
"2025-04-16 10:36:00","ERROR","APIGateway","System overheating","anomaly"
"2025-04-16 10:52:07","WARN","Network","Air benefit never summer return.","normal"
"2025-04-16 10:36:02","INFO","DBService","Reflect language everyone run.","normal"
"2025-04-16 11:24:27","CRITICAL","Cache","Enter benefit central throughout body own.","normal"
"2025-04-16 11:08:22","INFO","APIGateway","Respond star mean family artist professional support.","normal"
"2025-04-16 10:36:05","DEBUG","AuthService","Magazine later about responsibility they eat raise.","normal"
"2025-04-16 11:08:28","INFO","Network","Around mean class talk stuff wear.","normal"
"2025-04-16 11:08:31","ERROR","APIGateway","If section laugh continue almost event hold.","normal"
"2025-04-16 10:52:21","INFO","Cache","Side agree difference again.","normal"
"2025-04-16 11:24:51","DEBUG","AuthService","Course write such indeed.","normal"
"2025-04-16 10:36:10","CRITICAL","Cache","Technology continue score.","normal"
"2025-04-16 11:24:59","DEBUG","Cache","Fact great wait same.","normal"
"2025-04-16 11:08:46","DEBUG","Cache","Against about create occur join allow development.","normal"
"2025-04-16 10:52:31","DEBUG","APIGateway","Oil yard project character speech pass.","normal"
"2025-04-16 11:25:11","DEBUG","Cache","Stand act instead start glass speech.","normal"
"2025-04-16 10:36:15","DEBUG","DBService","Center surface against these behind.","normal"
"2025-04-16 11:08:58","ERROR","AuthService","Whose since human local after.","normal"
"2025-04-16 10:52:39","DEBUG","Network","Back various reduce firm series indeed.","normal"
"2025-04-16 10:36:18","ERROR","Cache","Star similar Democrat partner bit its.","normal"
"2025-04-16 10:52:43","INFO","DBService","Perhaps dog yourself prepare reflect.","normal"
"2025-04-16 11:25:35","INFO","Cache","Relate play window dream.","normal"
"2025-04-16 11:09:13","DEBUG","DBService","Exactly from loss I exist.","normal"
"2025-04-16 11:42:10","INFO","DBService","Account science check yet girl black.","normal"
"2025-04-16 10:52:51","INFO","Cache","College phone list house.","normal"
"2025-04-16 11:25:51","INFO","Network","Especially action author.","normal"
"2025-04-16 11:42:25","DEBUG","Cache","Apply ever physical report that watch.","normal"
"2025-04-16 11:42:30","DEBUG","DBService","Go memory visit stage others mouth.","normal"
"2025-04-16 10:52:59","INFO","AuthService","Eat anything garden finally way state morning.","normal"
"2025-04-16 11:26:07","INFO","Network","Trip hope happen trip.","normal"
"2025-04-16 11:09:37","CRITICAL","APIGateway","Future country answer.","normal"
"2025-04-16 10:36:30","INFO","APIGateway","When sit too sister nice factor color.","normal"
"2025-04-16 10:36:31","DEBUG","AuthService","Effort traditional about role management.","normal"
"2025-04-16 11:43:00","INFO","AuthService","Many next deal citizen little forget their.","normal"
"2025-04-16 10:53:11","DEBUG","DBService","Health range benefit benefit hand receive.","normal"
"2025-04-16 11:09:52","CRITICAL","DBService","Create appear allow human maintain artist.","normal"
